ID,DATE,TIME,ROLE,COMPANY_NAME,LOCATION,LINK
27381,2024-04-10,0 days 07:24:32,Executive Assistant,Calm,"California, United States",https://www.linkedin.com/jobs/view/executive-assistant-at-calm-3891618857?position=1&pageNum=0&refId=KUBnKa1%2B25zsdQ7Vpjh9Wg%3D%3D&trackingId=W9xoNfb5lmTpoVx%2BoFpRiQ%3D%3D&trk=public_jobs_jserp-result_search-card
27382,2024-04-10,0 days 07:24:32,Executive Assistant,Calm,"California, United States",https://www.linkedin.com/jobs/view/executive-assistant-at-calm-3891625196?position=2&pageNum=0&refId=KUBnKa1%2B25zsdQ7Vpjh9Wg%3D%3D&trackingId=jS8IItsHoxuNLAdDWxQrrA%3D%3D&trk=public_jobs_jserp-result_search-card
27383,2024-04-10,0 days 07:24:32,Clinical Coordinator,Social Model Recovery Systems,"Pasadena, CA",https://www.linkedin.com/jobs/view/clinical-coordinator-at-social-model-recovery-systems-3889702799?position=3&pageNum=0&refId=KUBnKa1%2B25zsdQ7Vpjh9Wg%3D%3D&trackingId=GKXJxAC7MGW8X5Q3i415rw%3D%3D&trk=public_jobs_jserp-result_search-card
27384,2024-04-10,0 days 07:24:32,Clinical Specialist,RedBrick Staffing,"Orange, CA",https://www.linkedin.com/jobs/view/clinical-specialist-at-redbrick-staffing-3889712672?position=4&pageNum=0&refId=KUBnKa1%2B25zsdQ7Vpjh9Wg%3D%3D&trackingId=WYrlNs3f0vevlJXfNHFMWg%3D%3D&trk=public_jobs_jserp-result_search-card
27385,2024-04-10,0 days 07:24:32,Behavioral Health Coordinator - Remote | WFH,Get It Recruit - Healthcare,"Santa Maria, CA",https://www.linkedin.com/jobs/view/behavioral-health-coordinator-remote-wfh-at-get-it-recruit-healthcare-3887664849?position=5&pageNum=0&refId=KUBnKa1%2B25zsdQ7Vpjh9Wg%3D%3D&trackingId=6HQHEycg0Rq6i0P%2F2rWfSQ%3D%3D&trk=public_jobs_jserp-result_search-car
27386,2024-04-10,0 days 07:24:32,Health Worker,HealthCare Talent,"San Francisco, CA",https://www.linkedin.com/jobs/view/health-worker-at-healthcare-talent-3889393034?position=6&pageNum=0&refId=KUBnKa1%2B25zsdQ7Vpjh9Wg%3D%3D&trackingId=JxkaAQWdg7gznrLPqNkt5Q%3D%3D&trk=public_jobs_jserp-result_search-card
27387,2024-04-10,0 days 07:24:32,Behavioral Caregiver - ($20-$25/hour) - Weekly Pay,Maxim Healthcare Services,"Emeryville, CA",https://www.linkedin.com/jobs/view/behavioral-caregiver-%2420-%2425-hour-weekly-pay-at-maxim-healthcare-services-3889705247?position=7&pageNum=0&refId=KUBnKa1%2B25zsdQ7Vpjh9Wg%3D%3D&trackingId=oJysUbWeGeE5QlfoPMkyfA%3D%3D&trk=public_jobs_jserp-result_sear
27388,2024-04-10,0 days 07:24:32,Case Manager Outpatient SUD,Roots Through Recovery,"Long Beach, CA",https://www.linkedin.com/jobs/view/case-manager-outpatient-sud-at-roots-through-recovery-3889814245?position=8&pageNum=0&refId=KUBnKa1%2B25zsdQ7Vpjh9Wg%3D%3D&trackingId=YwBV%2B6tzAFep%2BXmsINRbKQ%3D%3D&trk=public_jobs_jserp-result_search-card
27389,2024-04-10,0 days 07:24:32,Non-Clinical,eStaffing Inc.,"San Diego, CA",https://www.linkedin.com/jobs/view/non-clinical-at-estaffing-inc-3888446002?position=9&pageNum=0&refId=KUBnKa1%2B25zsdQ7Vpjh9Wg%3D%3D&trackingId=imzt6MegqIenz1wUcXyOAA%3D%3D&trk=public_jobs_jserp-result_search-card
27390,2024-04-10,0 days 07:24:32,Non-Clinical,eStaffing Inc.,"San Diego, CA",https://www.linkedin.com/jobs/view/non-clinical-at-estaffing-inc-3888439999?position=10&pageNum=0&refId=KUBnKa1%2B25zsdQ7Vpjh9Wg%3D%3D&trackingId=yTAUEeA0FbnTLcYWW03XtA%3D%3D&trk=public_jobs_jserp-result_search-card
27391,2024-04-10,0 days 07:24:32,Behavioral Health Coordinator - Remote | WFH,Get It Recruit - Healthcare,"Santa Maria, CA",https://www.linkedin.com/jobs/view/behavioral-health-coordinator-remote-wfh-at-get-it-recruit-healthcare-3887663885?position=11&pageNum=0&refId=KUBnKa1%2B25zsdQ7Vpjh9Wg%3D%3D&trackingId=muU8x00so7xUurXiPOpSag%3D%3D&trk=public_jobs_jserp-result_search-card
27392,2024-04-10,0 days 07:24:32,CARE MANAGER AND QUALITY IMPROVEMENT COORDINATOR,BLEHEALTH,"Pomona, CA",https://www.linkedin.com/jobs/view/care-manager-and-quality-improvement-coordinator-at-blehealth-3891531657?position=12&pageNum=0&refId=KUBnKa1%2B25zsdQ7Vpjh9Wg%3D%3D&trackingId=HMw97um32rJIajPCk%2FK5LQ%3D%3D&trk=public_jobs_jserp-result_search-card
27393,2024-04-10,0 days 07:24:32,"Medications Aide, MA, Registered or Certified SUD Counselor.",Social Model Recovery Systems,"Covina, CA",https://www.linkedin.com/jobs/view/medications-aide-ma-registered-or-certified-sud-counselor-at-social-model-recovery-systems-3889709342?position=13&pageNum=0&refId=KUBnKa1%2B25zsdQ7Vpjh9Wg%3D%3D&trackingId=w3X%2F6y2Aax4wYqZM0tIKYg%3D%3D&trk=public_jobs_j
27394,2024-04-10,0 days 07:24:32,Hospice Office Manager / Intake Coordinator,Guaranteed,"Glendale, CA",https://www.linkedin.com/jobs/view/hospice-office-manager-intake-coordinator-at-guaranteed-3891539282?position=14&pageNum=0&refId=KUBnKa1%2B25zsdQ7Vpjh9Wg%3D%3D&trackingId=6%2BzJqfbs4F7CmjTxdpcITA%3D%3D&trk=public_jobs_jserp-result_search-card
27395,2024-04-10,0 days 07:24:32,"Care Management Coordinator, Care Management, Full time, Days",PIH Health,"Whittier, CA",https://www.linkedin.com/jobs/view/care-management-coordinator-care-management-full-time-days-at-pih-health-3887621640?position=15&pageNum=0&refId=KUBnKa1%2B25zsdQ7Vpjh9Wg%3D%3D&trackingId=AzihC%2FjEPfV3mvOevFVgtA%3D%3D&trk=public_jobs_jserp-result_search
27396,2024-04-10,0 days 07:24:32,Administrative Assistant- Healthcare,Akkodis,"Los Angeles, CA",https://www.linkedin.com/jobs/view/administrative-assistant-healthcare-at-akkodis-3889613985?position=16&pageNum=0&refId=KUBnKa1%2B25zsdQ7Vpjh9Wg%3D%3D&trackingId=g4bd2mXbJ3AAAwebv52yRQ%3D%3D&trk=public_jobs_jserp-result_search-card
27397,2024-04-10,0 days 07:24:32,Home Care Aide,"Connect With Care, LLC","Los Angeles, CA",https://www.linkedin.com/jobs/view/home-care-aide-at-connect-with-care-llc-3889702884?position=17&pageNum=0&refId=KUBnKa1%2B25zsdQ7Vpjh9Wg%3D%3D&trackingId=0fEEJhJPakrGYy9gGq%2BkLg%3D%3D&trk=public_jobs_jserp-result_search-card
27398,2024-04-10,0 days 07:24:32,CNA/Caregiver,Los Angeles Congregate Living,"Los Angeles, CA",https://www.linkedin.com/jobs/view/cna-caregiver-at-los-angeles-congregate-living-3889715196?position=18&pageNum=0&refId=KUBnKa1%2B25zsdQ7Vpjh9Wg%3D%3D&trackingId=6Qlcblqxm85rIMV9pbLYow%3D%3D&trk=public_jobs_jserp-result_search-card
27399,2024-04-10,0 days 07:24:32,Care at Home Scheduler,myPlace Health,"Los Angeles, CA",https://www.linkedin.com/jobs/view/care-at-home-scheduler-at-myplace-health-3889637000?position=19&pageNum=0&refId=KUBnKa1%2B25zsdQ7Vpjh9Wg%3D%3D&trackingId=Ypz06kBVQYj6efz4idlBAQ%3D%3D&trk=public_jobs_jserp-result_search-card
27400,2024-04-10,0 days 07:24:32,Director of Operations,Fauna Bio,"Emeryville, CA",https://www.linkedin.com/jobs/view/director-of-operations-at-fauna-bio-3064455939?position=20&pageNum=0&refId=KUBnKa1%2B25zsdQ7Vpjh9Wg%3D%3D&trackingId=WgTxeXI6D2Y8RHfcpVbs6w%3D%3D&trk=public_jobs_jserp-result_search-card
27401,2024-04-10,0 days 07:24:32,Marketing Content Specialist,Harvey Nash,"California, United States",https://www.linkedin.com/jobs/view/marketing-content-specialist-at-harvey-nash-3887660260?position=21&pageNum=0&refId=KUBnKa1%2B25zsdQ7Vpjh9Wg%3D%3D&trackingId=RmMomkuS3ytDdkAjIInElg%3D%3D&trk=public_jobs_jserp-result_search-card
27402,2024-04-10,0 days 07:24:32,Human Resources - Administrative - Benefits Analyst,United Health Care Staffing,"San Diego, CA",https://www.linkedin.com/jobs/view/human-resources-administrative-benefits-analyst-at-united-health-care-staffing-3889636871?position=22&pageNum=0&refId=KUBnKa1%2B25zsdQ7Vpjh9Wg%3D%3D&trackingId=fbA%2BdcIunq6O2Dpbq06p%2FA%3D%3D&trk=public_jobs_jserp-resul
27403,2024-04-10,0 days 07:24:32,Executive Assistant,HealthCare Talent,"San Francisco, CA",https://www.linkedin.com/jobs/view/executive-assistant-at-healthcare-talent-3889387950?position=23&pageNum=0&refId=KUBnKa1%2B25zsdQ7Vpjh9Wg%3D%3D&trackingId=tY%2BLxwOlsOElRsJ37uuQPA%3D%3D&trk=public_jobs_jserp-result_search-card
27404,2024-04-10,0 days 07:24:32,Medical Records Technician,Advantmed,"Riverside, CA",https://www.linkedin.com/jobs/view/medical-records-technician-at-advantmed-3887693906?position=24&pageNum=0&refId=KUBnKa1%2B25zsdQ7Vpjh9Wg%3D%3D&trackingId=9GD9%2FnuTVGy2UI2LNfW4uQ%3D%3D&trk=public_jobs_jserp-result_search-card
27405,2024-04-10,0 days 07:24:32,Personal Assistant to Partner at Media/Management Company,Pocketbook Agency,Los Angeles Metropolitan Area,https://www.linkedin.com/jobs/view/personal-assistant-to-partner-at-media-management-company-at-pocketbook-agency-3887677536?position=25&pageNum=0&refId=KUBnKa1%2B25zsdQ7Vpjh9Wg%3D%3D&trackingId=ZiTmzE72bxhH7BKyN8ZrQQ%3D%3D&trk=public_jobs_jserp-result_se
27406,2024-04-10,0 days 07:24:32,Research Associate I/II,CorDx,"San Diego, CA",https://www.linkedin.com/jobs/view/research-associate-i-ii-at-cordx-3887632877?position=26&pageNum=0&refId=KUBnKa1%2B25zsdQ7Vpjh9Wg%3D%3D&trackingId=AJ4wGY4hA2J8phDF6Ez7cg%3D%3D&trk=public_jobs_jserp-result_search-card
27407,2024-04-10,0 days 07:24:32,Supervising Health Information Management Assistant,San Bernardino County,"Colton, CA",https://www.linkedin.com/jobs/view/supervising-health-information-management-assistant-at-san-bernardino-county-3891752738?position=27&pageNum=0&refId=KUBnKa1%2B25zsdQ7Vpjh9Wg%3D%3D&trackingId=14kL9kpSmqjqQuJ393%2BQCg%3D%3D&trk=public_jobs_jserp-result_se
27408,2024-04-10,0 days 07:24:32,Patient Coordinator,Akkodis,"Los Angeles, CA",https://www.linkedin.com/jobs/view/patient-coordinator-at-akkodis-3887185262?position=28&pageNum=0&refId=KUBnKa1%2B25zsdQ7Vpjh9Wg%3D%3D&trackingId=wpD1lRy5021ooH06gjWaCg%3D%3D&trk=public_jobs_jserp-result_search-card
27409,2024-04-10,0 days 07:24:32,Clinical Coordinator,Palo Alto Mind Body,"Palo Alto, CA",https://www.linkedin.com/jobs/view/clinical-coordinator-at-palo-alto-mind-body-3889608912?position=29&pageNum=0&refId=KUBnKa1%2B25zsdQ7Vpjh9Wg%3D%3D&trackingId=d0kMZRG80ZfVb1PmHCc8jw%3D%3D&trk=public_jobs_jserp-result_search-card
27410,2024-04-10,0 days 07:24:32,Travel Nurse - Intensive Care Unit ($2600-$3200/Week),Vetted Health,"Folsom, CA",https://www.linkedin.com/jobs/view/travel-nurse-intensive-care-unit-%242600-%243200-week-at-vetted-health-3890748434?position=30&pageNum=0&refId=KUBnKa1%2B25zsdQ7Vpjh9Wg%3D%3D&trackingId=c6ijqbGZgl6mJEv%2F133FPA%3D%3D&trk=public_jobs_jserp-result_search-c
27411,2024-04-10,0 days 07:24:32,Travel Nurse - Intensive Care Unit ($2600-$3200/Week),Vetted Health,"San Mateo, CA",https://www.linkedin.com/jobs/view/travel-nurse-intensive-care-unit-%242600-%243200-week-at-vetted-health-3890722226?position=31&pageNum=0&refId=KUBnKa1%2B25zsdQ7Vpjh9Wg%3D%3D&trackingId=r1lx6NU6PL1xWevsOHY4OA%3D%3D&trk=public_jobs_jserp-result_search-car
27412,2024-04-10,0 days 07:24:32,Travel Nurse - Intensive Care Unit ($2600-$3200/Week),Vetted Health,"Tulare, CA",https://www.linkedin.com/jobs/view/travel-nurse-intensive-care-unit-%242600-%243200-week-at-vetted-health-3890588258?position=32&pageNum=0&refId=KUBnKa1%2B25zsdQ7Vpjh9Wg%3D%3D&trackingId=Q5yUdP8Op1QEZasXkmN75A%3D%3D&trk=public_jobs_jserp-result_search-car
27413,2024-04-10,0 days 07:24:32,Travel Nurse - Intensive Care Unit ($2600-$3200/Week),Vetted Health,"Santa Monica, CA",https://www.linkedin.com/jobs/view/travel-nurse-intensive-care-unit-%242600-%243200-week-at-vetted-health-3890579890?position=33&pageNum=0&refId=KUBnKa1%2B25zsdQ7Vpjh9Wg%3D%3D&trackingId=LpNig1wfsfBzgO9C2KGr7w%3D%3D&trk=public_jobs_jserp-result_search-car
27414,2024-04-10,0 days 07:24:32,Travel Nurse - Intensive Care Unit ($2600-$3200/Week),Vetted Health,"Daly City, CA",https://www.linkedin.com/jobs/view/travel-nurse-intensive-care-unit-%242600-%243200-week-at-vetted-health-3890726041?position=34&pageNum=0&refId=KUBnKa1%2B25zsdQ7Vpjh9Wg%3D%3D&trackingId=lKZsI1c6%2BIXxM0Lq4gEZvA%3D%3D&trk=public_jobs_jserp-result_search-c
27415,2024-04-10,0 days 07:24:32,Travel Nurse - Intensive Care Unit ($2600-$3200/Week),Vetted Health,"Placentia, CA",https://www.linkedin.com/jobs/view/travel-nurse-intensive-care-unit-%242600-%243200-week-at-vetted-health-3890389369?position=35&pageNum=0&refId=KUBnKa1%2B25zsdQ7Vpjh9Wg%3D%3D&trackingId=rTePz2n0tdCJSh4KaEugew%3D%3D&trk=public_jobs_jserp-result_search-car
27416,2024-04-10,0 days 07:24:32,Travel Nurse - Intensive Care Unit ($2600-$3200/Week),Vetted Health,"Thousand Oaks, CA",https://www.linkedin.com/jobs/view/travel-nurse-intensive-care-unit-%242600-%243200-week-at-vetted-health-3890757479?position=36&pageNum=0&refId=KUBnKa1%2B25zsdQ7Vpjh9Wg%3D%3D&trackingId=EpHf1gDw6BPJEUOAgAjMhg%3D%3D&trk=public_jobs_jserp-result_search-car
27417,2024-04-10,0 days 07:24:32,Travel Nurse - Intensive Care Unit ($2600-$3200/Week),Vetted Health,"Novato, CA",https://www.linkedin.com/jobs/view/travel-nurse-intensive-care-unit-%242600-%243200-week-at-vetted-health-3890737964?position=37&pageNum=0&refId=KUBnKa1%2B25zsdQ7Vpjh9Wg%3D%3D&trackingId=IqoP0F6wL6Wi1XAwtjpg1Q%3D%3D&trk=public_jobs_jserp-result_search-car
27418,2024-04-10,0 days 07:24:32,Travel Nurse - Intensive Care Unit ($2600-$3200/Week),Vetted Health,"Ventura, CA",https://www.linkedin.com/jobs/view/travel-nurse-intensive-care-unit-%242600-%243200-week-at-vetted-health-3890763934?position=38&pageNum=0&refId=KUBnKa1%2B25zsdQ7Vpjh9Wg%3D%3D&trackingId=NGdUNxIBS3tVzbDtl8MyKQ%3D%3D&trk=public_jobs_jserp-result_search-car
27419,2024-04-10,0 days 07:24:32,Travel Nurse - Intensive Care Unit ($2600-$3200/Week),Vetted Health,"Redding, CA",https://www.linkedin.com/jobs/view/travel-nurse-intensive-care-unit-%242600-%243200-week-at-vetted-health-3890755870?position=39&pageNum=0&refId=KUBnKa1%2B25zsdQ7Vpjh9Wg%3D%3D&trackingId=mpv2CJLTz0xq18MPKODokA%3D%3D&trk=public_jobs_jserp-result_search-car
27420,2024-04-10,0 days 07:24:32,Travel Nurse - Intensive Care Unit ($2600-$3200/Week),Vetted Health,"Richmond, CA",https://www.linkedin.com/jobs/view/travel-nurse-intensive-care-unit-%242600-%243200-week-at-vetted-health-3890518972?position=40&pageNum=0&refId=KUBnKa1%2B25zsdQ7Vpjh9Wg%3D%3D&trackingId=xEtz%2FrCt%2FTuphST6s3AdKw%3D%3D&trk=public_jobs_jserp-result_search
27421,2024-04-10,0 days 07:24:32,Travel Nurse - Intensive Care Unit ($2600-$3200/Week),Vetted Health,"Colton, CA",https://www.linkedin.com/jobs/view/travel-nurse-intensive-care-unit-%242600-%243200-week-at-vetted-health-3890590957?position=41&pageNum=0&refId=KUBnKa1%2B25zsdQ7Vpjh9Wg%3D%3D&trackingId=00FFu2%2BlrT9CkyIniIUgDQ%3D%3D&trk=public_jobs_jserp-result_search-c
27422,2024-04-10,0 days 07:24:32,Travel Nurse - Intensive Care Unit ($2600-$3200/Week),Vetted Health,"Manteca, CA",https://www.linkedin.com/jobs/view/travel-nurse-intensive-care-unit-%242600-%243200-week-at-vetted-health-3890519230?position=42&pageNum=0&refId=KUBnKa1%2B25zsdQ7Vpjh9Wg%3D%3D&trackingId=NCZedARd6bBp6sgtn%2B5Rsw%3D%3D&trk=public_jobs_jserp-result_search-c
27423,2024-04-10,0 days 07:24:32,Travel Nurse - Intensive Care Unit ($2600-$3200/Week),Vetted Health,"San Rafael, CA",https://www.linkedin.com/jobs/view/travel-nurse-intensive-care-unit-%242600-%243200-week-at-vetted-health-3890728447?position=43&pageNum=0&refId=KUBnKa1%2B25zsdQ7Vpjh9Wg%3D%3D&trackingId=e1zLdl2aRuO42u2Usqa1tw%3D%3D&trk=public_jobs_jserp-result_search-car
27424,2024-04-10,0 days 07:24:32,Travel Nurse - Intensive Care Unit ($2600-$3200/Week),Vetted Health,"Santa Clarita, CA",https://www.linkedin.com/jobs/view/travel-nurse-intensive-care-unit-%242600-%243200-week-at-vetted-health-3890596367?position=44&pageNum=0&refId=KUBnKa1%2B25zsdQ7Vpjh9Wg%3D%3D&trackingId=Rcy1HrZtoWZVholoNRvfBg%3D%3D&trk=public_jobs_jserp-result_search-car
27425,2024-04-10,0 days 07:24:32,Travel Nurse - Intensive Care Unit ($2600-$3200/Week),Vetted Health,"Diamond Bar, CA",https://www.linkedin.com/jobs/view/travel-nurse-intensive-care-unit-%242600-%243200-week-at-vetted-health-3890596191?position=45&pageNum=0&refId=KUBnKa1%2B25zsdQ7Vpjh9Wg%3D%3D&trackingId=F2VSqUyOx5sajVkkIR3oDQ%3D%3D&trk=public_jobs_jserp-result_search-car
27426,2024-04-10,0 days 07:24:32,Travel Nurse - Intensive Care Unit ($2600-$3200/Week),Vetted Health,"Vacaville, CA",https://www.linkedin.com/jobs/view/travel-nurse-intensive-care-unit-%242600-%243200-week-at-vetted-health-3890567391?position=46&pageNum=0&refId=KUBnKa1%2B25zsdQ7Vpjh9Wg%3D%3D&trackingId=xsL8MqaOE9Uqzzhxk3vRJw%3D%3D&trk=public_jobs_jserp-result_search-car
27427,2024-04-10,0 days 07:24:32,Travel Nurse - Intensive Care Unit ($2600-$3200/Week),Vetted Health,"Brentwood, CA",https://www.linkedin.com/jobs/view/travel-nurse-intensive-care-unit-%242600-%243200-week-at-vetted-health-3890558532?position=47&pageNum=0&refId=KUBnKa1%2B25zsdQ7Vpjh9Wg%3D%3D&trackingId=rs%2BzMRVKFnI2cj9B6II7%2Bg%3D%3D&trk=public_jobs_jserp-result_search
27428,2024-04-10,0 days 07:24:32,Travel Nurse - Intensive Care Unit ($2600-$3200/Week),Vetted Health,"Temecula, CA",https://www.linkedin.com/jobs/view/travel-nurse-intensive-care-unit-%242600-%243200-week-at-vetted-health-3890511860?position=48&pageNum=0&refId=KUBnKa1%2B25zsdQ7Vpjh9Wg%3D%3D&trackingId=bXEbFBKqGldWP5rIjpBOhQ%3D%3D&trk=public_jobs_jserp-result_search-car
27429,2024-04-10,0 days 07:24:32,Travel Nurse - Intensive Care Unit ($2600-$3200/Week),Vetted Health,"Victorville, CA",https://www.linkedin.com/jobs/view/travel-nurse-intensive-care-unit-%242600-%243200-week-at-vetted-health-3890513476?position=49&pageNum=0&refId=KUBnKa1%2B25zsdQ7Vpjh9Wg%3D%3D&trackingId=0VZ8Pi9R9OfKWZF%2FBuaH%2Fg%3D%3D&trk=public_jobs_jserp-result_search
27430,2024-04-10,0 days 07:24:32,Travel Nurse - Intensive Care Unit ($2600-$3200/Week),Vetted Health,"Montebello, CA",https://www.linkedin.com/jobs/view/travel-nurse-intensive-care-unit-%242600-%243200-week-at-vetted-health-3890514036?position=50&pageNum=0&refId=KUBnKa1%2B25zsdQ7Vpjh9Wg%3D%3D&trackingId=6GVjjMFIMbuHr3sJ8SrfIg%3D%3D&trk=public_jobs_jserp-result_search-car
27431,2024-04-10,0 days 07:24:32,Integrative Care Clinical Assistant,La Maestra Community Health Centers,"San Diego, CA",https://www.linkedin.com/jobs/view/integrative-care-clinical-assistant-at-la-maestra-community-health-centers-3889706331?position=51&pageNum=0&refId=KUBnKa1%2B25zsdQ7Vpjh9Wg%3D%3D&trackingId=50njUXyIfLaCeHQChONRlw%3D%3D&trk=public_jobs_jserp-result_search
27432,2024-04-10,0 days 07:24:32,Regulatory Coordinator,Aya Healthcare,"Santa Monica, CA",https://www.linkedin.com/jobs/view/regulatory-coordinator-at-aya-healthcare-3888122764?position=52&pageNum=0&refId=KUBnKa1%2B25zsdQ7Vpjh9Wg%3D%3D&trackingId=qcqyT6f8YK2hvVZcXtECjg%3D%3D&trk=public_jobs_jserp-result_search-card
27433,2024-04-10,0 days 07:24:32,Project Manager,Just Whole Care,Los Angeles Metropolitan Area,https://www.linkedin.com/jobs/view/project-manager-at-just-whole-care-3886822730?position=53&pageNum=0&refId=KUBnKa1%2B25zsdQ7Vpjh9Wg%3D%3D&trackingId=BeJdXhBp7AA5ij2Bzbzedg%3D%3D&trk=public_jobs_jserp-result_search-card
27434,2024-04-10,0 days 07:24:32,"Recreational Therapist Stockton, California",Body Fit Plus Inc,"Stockton, CA",https://www.linkedin.com/jobs/view/recreational-therapist-stockton-california-at-body-fit-plus-inc-3889739090?position=54&pageNum=0&refId=KUBnKa1%2B25zsdQ7Vpjh9Wg%3D%3D&trackingId=pjw8nDyKjRBWWrL6TF%2FAPw%3D%3D&trk=public_jobs_jserp-result_search-card
27435,2024-04-10,0 days 07:24:32,Pre Enrollment RN,Cross Country Workforce Solutions Group,"Oakland, CA",https://www.linkedin.com/jobs/view/pre-enrollment-rn-at-cross-country-workforce-solutions-group-3889706800?position=55&pageNum=0&refId=KUBnKa1%2B25zsdQ7Vpjh9Wg%3D%3D&trackingId=iWrhcmFMEd%2B5rxVGv2FAZg%3D%3D&trk=public_jobs_jserp-result_search-card
27436,2024-04-10,0 days 07:24:32,Dental Receptionist / Scheduling Coordinator - PART TIME,Gianquinto OrthoArts,"Bakersfield, CA",https://www.linkedin.com/jobs/view/dental-receptionist-scheduling-coordinator-part-time-at-gianquinto-orthoarts-3889702896?position=56&pageNum=0&refId=KUBnKa1%2B25zsdQ7Vpjh9Wg%3D%3D&trackingId=EFKNMcrEokkzP716XuU47Q%3D%3D&trk=public_jobs_jserp-result_sear
27437,2024-04-10,0 days 07:24:32,Medical Records Technician,Advantmed,"Los Angeles, CA",https://www.linkedin.com/jobs/view/medical-records-technician-at-advantmed-3888115362?position=57&pageNum=0&refId=KUBnKa1%2B25zsdQ7Vpjh9Wg%3D%3D&trackingId=YyNDBoBtTPj3RgyeyJolOg%3D%3D&trk=public_jobs_jserp-result_search-card
27438,2024-04-10,0 days 07:24:32,Travel Clinical Laboratory Scientist ($2700-$3200/Week),Vetted Health,"Berkeley, CA",https://www.linkedin.com/jobs/view/travel-clinical-laboratory-scientist-%242700-%243200-week-at-vetted-health-3890747394?position=58&pageNum=0&refId=KUBnKa1%2B25zsdQ7Vpjh9Wg%3D%3D&trackingId=si6zUhkXo%2FHiVmOC0zJgAA%3D%3D&trk=public_jobs_jserp-result_sear
27439,2024-04-10,0 days 07:24:32,Travel Clinical Laboratory Scientist ($2700-$3200/Week),Vetted Health,"Rohnert Park, CA",https://www.linkedin.com/jobs/view/travel-clinical-laboratory-scientist-%242700-%243200-week-at-vetted-health-3890725474?position=59&pageNum=0&refId=KUBnKa1%2B25zsdQ7Vpjh9Wg%3D%3D&trackingId=7ECR7LauFY1Oz1lK1ZFznA%3D%3D&trk=public_jobs_jserp-result_search
27440,2024-04-10,0 days 07:24:32,Travel Clinical Laboratory Scientist ($2700-$3200/Week),Vetted Health,"Turlock, CA",https://www.linkedin.com/jobs/view/travel-clinical-laboratory-scientist-%242700-%243200-week-at-vetted-health-3890703355?position=60&pageNum=0&refId=KUBnKa1%2B25zsdQ7Vpjh9Wg%3D%3D&trackingId=1xoSrBAw6%2BWKU%2F1QV5dBWQ%3D%3D&trk=public_jobs_jserp-result_se
